"id_cata","code_cata","codbarra_cata","nomb_cata","id_fami","id_sgrup","id_grup","id_unid","id_marca","id_orig","id_colo","id_teji","id_tall","ubic_cata","pfob_cata","pcif_cata","esta_cata","id_emp","desc_cata","tipo_cata","stockmin_cata","combo_cata","textil_cata","gene_cata","gcmarca_cata"
"1","1","1","POLLO ECONOMICO","1","7","3","1","1","2","0","0","0","","1.00","2987.00","0","1","","3","1.00","0","0","0","1"
"2","2","2","POLLO BROASTER CUARTO 1/4","1","1","1","1","1","1","0","0","0","","15.00","1.00","0","1","","2","0.00","0","0","0","0"
"3","014","3","BURGER - BBQ (V)","1","3","1","1","1","2","0","0","0","","1.00","1.00","1","1","","2","0.00","0","0","0","0"
"4","013","4","HAMBURGUESA COMPLETA (AL)","1","3","1","1","1","2","0","0","0","","1.00","1.00","1","1","","2","0.00","0","0","0","0"
"5","018","5","LOMITO AL CHEDDAR","1","5","1","1","1","2","0","0","0","","1.00","1.00","1","1","","2","0.00","0","0","0","0"
"6","017","6","LOMITO A LA MOZZARELLA","1","5","1","1","1","2","0","0","0","","1.00","1.00","1","1","","2","0.00","0","0","0","0"
"7","011","7","MILANESA - CLASICA (V)","1","4","1","1","1","2","0","0","0","","35.00","35.00","1","1","","2","0.00","0","0","0","0"
"8","8","8","CAFE CON LECHE (SNACK)","2","46","26","1","1","1","0","0","0","","54.00","54.00","1","1","","2","0.00","0","0","0","0"
"9","COCACOLA-4","9","COCA COLA POPULAR 600 ML (V)","2","47","26","1","2","2","0","0","0","","2.50","2.50","1","1","","2","0.00","0","0","0","1"
"10","COCACOLA-3","10","COCA COLA MINI 190 ML (V)","2","48","26","1","2","2","0","0","0","","1.10","1.10","1","1","","2","0.00","0","0","0","1"
"11","FANTA-12","11","FANTA NARANJA PERSONAL 500 ML","2","46","26","1","3","2","0","0","0","","1.00","1.00","1","1","","2","0.00","0","0","0","1"
"12","FANTA-2","12","FANTA NARANJA POPULAR 600 ML","2","47","26","1","3","2","0","0","0","","2.50","2.50","1","1","","2","0.00","0","0","0","1"
"13","FANTA-3","13","FANTA NARANJA MINI 190 ML","2","48","26","1","3","2","0","0","0","","1.10","1.10","1","1","","2","0.00","0","0","0","1"
"14","14","14","INFUCIONES - SN","2","2","1","1","1","1","0","0","0","","1.00","1.00","1","1","DESAYUNO","2","0.00","0","0","0","0"
"15","SPRITE-4","15","SPRITE POPULAR 600 ML","2","47","26","1","4","2","0","0","0","","2.50","2.50","1","1","","2","0.00","0","0","0","1"
"16","SPRITE-3","16","SPRITE MINI 190 ML","2","48","26","1","4","2","0","0","0","","1.10","1.10","1","1","","2","0.00","0","0","0","1"
"17","17","17","AGUA VITAL 600 ML","2","2","1","1","1","1","0","0","0","","1.75","1.75","1","1","","2","0.00","0","0","0","0"
"18","021","18","ICE TEA - (V) - SN","2","46","1","1","1","2","0","0","0","","2.00","25.00","1","1","","2","10.00","0","0","0","0"
"19","19","19","PORCION DE ARROZ (V)","1","2","1","1","1","1","0","0","0","","1.00","3.00","1","1","","2","1.00","0","0","0","0"
"20","20","20","PORCION DE PAPA (V)","1","2","1","1","1","1","0","0","0","","1.00","1.00","1","1","","2","1.00","0","0","0","0"
"21","21","21","PORCION DE PLATANO (V)","1","2","1","1","1","1","0","0","0","","20.00","20.00","1","1","","2","1.00","0","0","0","0"
"23","019","","LOMITO PICANTE","1","5","1","1","1","2","0","0","0","","10.00","1.00","1","1","","2","1.00","0","0","0","0"
"24","015","","BURGER - CLASSIC (V)","1","3","1","1","1","2","0","0","0","","17.00","1.00","1","1","","2","100000.00","0","0","0","0"
"25","FANTA-1","","FANTA NARANJA 2 LITROS","2","45","26","1","3","2","0","0","0","","8.71","8.71","1","1","","2","0.00","0","0","0","1"
"26","COCACOLA-1","","COCA COLA 2 LITROS (V)","2","45","26","1","2","2","0","0","0","","8.71","8.71","1","1","","2","10000.00","0","0","0","1"
"27","SPRITE-2","","SPRITE DE 2  LITROS","2","45","26","1","4","2","0","0","0","","8.71","8.71","1","1","","2","0.00","0","0","0","1"
"28","009","","WINGS - BUFFALO (V)","1","6","1","1","1","2","0","0","0","","14.00","14.00","1","1","","2","1.00","0","0","0","0"
"29","29","","FANTA PAPAYA 2 Lts","2","2","1","1","1","1","0","0","0","","0.00","0.00","0","1","","2","0.00","0","0","0","0"
"30","30","","PAQUETE CUMPLEAÑOS  II","43","2","55","1","1","2","0","0","0","","1000.00","1000.00","1","1","","2","1000.00","0","0","0","0"
"31","11","","WINGS - BBQ (V)","1","6","1","1","1","2","0","0","0","","4.30","0.00","1","1","","2","0.00","0","0","0","0"
"32","445","","DELIVERY - A","43","2","1","1","1","2","0","0","0","","1.10","1.10","1","1","","2","0.00","0","0","0","0"
"33","32","","LIMONADA EN JARRA - SN","2","45","27","1","1","2","0","0","0","","12.00","1.59","1","1","","2","0.00","0","0","0","0"
"34","SIMBA-2","","SIMBA GUARANA 2 LITROS","2","2","1","1","5","1","0","0","0","","5.85","5.85","1","1","","2","10.00","0","0","0","1"
"35","008","","SUPER CAJITA - BURGER","1","7","1","1","1","2","0","0","0","","6.00","0.00","1","1","","2","0.00","0","0","0","0"
"36","FANTA-5","","FANTA PAPAYA 2 LITROS","2","45","26","1","3","2","0","0","0","","8.71","8.71","1","1","","2","0.00","0","0","0","1"
"37","12","","MILANESA - MONTADA (V)","1","4","1","1","1","2","0","0","0","","2.50","2.50","1","1","","2","0.00","0","0","0","0"
"38","38","","EMPANADA DE POLLO (SNACK)","41","2","1","1","1","2","0","0","0","","5.00","0.00","1","1","","2","0.00","0","0","0","0"
"39","33","","ICE TEA  EN JARRA - SN","2","45","27","1","1","2","0","0","0","","8.17","8.17","1","1","","2","0.00","0","0","0","0"
"40","31","","JUGO DE PAPAYA EN JARRA (SNACK)","2","45","27","1","1","2","0","0","0","","5.00","0.00","1","1","","2","0.00","0","0","0","0"
"41","41","","ALITA DE POLLO","1","2","1","1","1","1","0","0","0","","0.00","0.00","0","1","","2","0.00","0","0","0","0"
"42","42","","SOBRA (AL)","1","2","1","1","1","1","0","0","0","","1.00","0.00","1","1","","2","0.00","0","0","0","0"
"43","COCACOLA-6","","POWER (SNACK)","2","46","27","1","2","2","0","0","0","","481.00","7.00","1","1","","2","100000.00","0","0","0","1"
"44","AQUARIUS-1","","AQUARIUS PERA 2 LITROS","2","45","26","1","6","2","0","0","0","","9.03","9.03","1","1","","2","100000.00","0","0","0","1"
"45","AQUARIUS-2","","AQUARIUS POMELO 2 LITROS","2","45","26","1","6","2","0","0","0","","9.03","9.03","1","1","","2","0.00","0","0","0","1"
"46","46","","BOLSA CON LOGO","9","19","14","6","1","2","0","0","0","","0.10","0.10","1","1","","2","0.00","0","0","0","1"
"47","47","","ALITAS DE POLLO","3","6","3","3","1","2","0","0","0","","11.25","11.25","0","1","","3","0.00","0","0","0","1"
"48","48","","VASOS SALSEROS","10","21","15","6","1","2","0","0","0","","0.00","0.00","0","1","","2","0.00","0","0","0","1"
"49","VARIOS-5","","ACEITE CRISOL","11","22","18","3","1","1","0","0","0","","165.00","165.00","1","1","","3","0.00","0","0","0","1"
"50","VARIOS-6","","MAYONESA","11","23","18","5","1","1","0","0","0","","44.16","44.16","1","1","","3","0.00","0","0","0","1"
"51","VARIOS-7","","CEBOLLITA VERDE","15","41","23","4","1","2","0","0","0","","10.00","10.00","1","1","","3","0.00","0","0","0","1"
"52","VARIOS-8","","PLATANO MADURO","15","42","23","1","1","2","0","0","0","","19.17","19.17","1","1","","3","0.00","0","0","0","1"
"53","VARIOS-9","","TOMATE","15","36","23","3","1","2","0","0","0","","75.00","75.00","1","1","","3","0.00","0","0","0","1"
"54","VARIOS-10","","PAPAS PAMODIS","8","15","12","3","1","2","0","0","0","","250.00","250.00","1","1","","3","0.00","0","0","0","1"
"55","VARIOS-11","","LECHUGA","15","38","23","1","1","2","0","0","0","","5.00","5.00","1","1","","3","0.00","0","0","0","1"
"56","VARIOS-12","","ZANAHORIA","15","35","23","3","1","2","0","0","0","","40.00","40.00","1","1","","3","0.00","0","0","0","1"
"57","VARIOS-13","","CHOCLO","17","49","28","1","1","2","0","0","0","","32.00","32.00","1","1","","3","0.00","0","0","0","1"
"58","VARIOS-14","","QUESO MUZZARELA","5","13","7","3","1","2","0","0","0","","76.00","76.00","1","1","","3","0.00","0","0","0","1"
"59","VARIOS-15","","QUESO CRIOLLO","5","12","7","3","1","2","0","0","0","","25.00","25.00","1","1","","3","0.00","0","0","0","1"
"60","VARIOS-16","","TOCINO","5","11","8","3","1","2","0","0","0","","72.30","72.30","1","1","","3","0.00","0","0","0","1"
"61","VARIOS-17","","HUEVO","12","24","19","4","1","2","0","0","0","","0.43","0.43","1","1","","3","0.00","0","0","0","1"
"62","VARIOS-18","","PAN DE HAMBURGUESA","4","8","4","6","1","2","0","0","0","","1.10","1.10","1","1","","3","0.00","0","0","0","1"
"63","VARIOS-19","","PAN DE LOMITO","4","9","5","6","1","2","0","0","0","","1.00","1.00","1","1","","3","0.00","0","0","0","1"
"64","VARIOS-20","","CARNE DE RES PARA LOMITO","3","5","2","3","1","2","0","0","0","","40.00","40.00","1","1","","3","0.00","0","0","0","1"
"65","VARIOS-21","","CARNE DE RES PARA HAMBURGUESA","3","3","2","3","1","2","0","0","0","","24.00","24.00","1","1","","3","0.00","0","0","0","1"
"66","VARIOS-22","","CARNE DE MILANESA","3","4","2","3","1","2","0","0","0","","35.00","35.00","1","1","","3","0.00","0","0","0","1"
"67","VARIOS-23","","MORTADELA","5","10","6","3","1","2","0","0","0","","43.57","43.57","1","1","","3","0.00","0","0","0","1"
"68","VARIOS-24","","ARROZ","7","14","11","3","1","2","0","0","0","","240.00","240.00","1","1","","3","0.00","0","0","0","1"
"69","VARIOS-25","","HARINA","16","40","24","3","1","2","0","0","0","","4.80","4.80","1","1","","3","0.00","0","0","0","1"
"70","VARIOS-26","","HARINA DE MAIZENA","16","40","24","3","1","2","0","0","0","","4.70","4.70","1","1","","3","0.00","0","0","0","1"
"71","VARIOS-27","","PIMIENTA","6","2","9","3","1","2","0","0","0","","22.00","22.00","1","1","","3","0.00","0","0","0","1"
"72","VARIOS-28","","PIMIENTA","6","2","9","3","1","2","0","0","0","","22.00","22.00","1","1","","3","0.00","0","0","0","1"
"73","VARIOS-29","","AJO","6","2","9","3","1","2","0","0","0","","180.00","180.00","1","1","","3","0.00","0","0","0","1"
"74","36","","FAST","43","2","55","3","1","2","0","0","0","","1000.00","1000.00","1","1","","3","1000.00","0","0","0","0"
"75","VARIOS-31","","CLAVO DE OLOR","6","2","10","6","1","2","0","0","0","","50.00","50.00","1","1","","3","0.00","0","0","0","1"
"76","VARIOS-32","","ACEITE","11","22","18","5","1","2","0","0","0","","1.00","1.00","0","1","","3","0.00","0","0","0","1"
"77","VARIOS-33","","GAS","13","25","20","4","1","2","0","0","0","","25.00","25.00","1","1","","3","0.00","0","0","0","1"
"78","VARIOS-34","","PLATOS GRANDES","10","2","16","6","1","2","0","0","0","","0.46","0.46","1","1","","3","0.00","0","0","0","1"
"79","VARIOS-35","","PLATO PARA HAMBURGUESA","10","2","16","6","1","2","0","0","0","","0.46","0.46","1","1","","3","0.00","0","0","0","1"
"80","VARIOS-36","","BOLSAS BLANCAS CON TIRO","9","19","14","6","1","2","0","0","0","","0.10","0.10","1","1","","3","0.00","0","0","0","1"
"81","VARIOS-37","","BOLSA CHICA CON TIRO","9","19","14","6","1","2","0","0","0","","0.05","0.05","1","1","","3","0.00","0","0","0","1"
"82","VARIOS-38","","BOLSA NEGRA CON TIRO","9","18","13","6","1","2","0","0","0","","10.00","10.00","1","1","","3","0.00","0","0","0","1"
"83","VARIOS-39","","BOLSA BASURA 90X110","9","16","13","6","1","2","0","0","0","","1.40","1.40","1","1","","3","0.00","0","0","0","1"
"84","VARIOS-40","","BOLSA BASURA 60X80","9","17","13","6","1","2","0","0","0","","1.00","0.00","1","1","","3","0.00","0","0","0","1"
"85","VARIOS-41","","BOLSA BLANCA CON LOGO","9","19","14","6","1","2","0","0","0","","55.00","55.00","1","1","","3","0.00","0","0","0","1"
"86","VARIOS-42","","VASO PARA MOCOCHINCHI CON TAPA","10","20","15","6","1","2","0","0","0","","0.13","0.13","1","1","","3","0.00","0","0","0","1"
"87","VARIOS-43","","VASO PARA MESA","10","21","15","6","1","2","0","0","0","","0.07","0.07","1","1","","3","0.00","0","0","0","1"
"88","VARIOS-44","","VASO SALSERO CON TAPA","10","21","15","6","1","2","0","0","0","","0.03","0.03","1","1","","3","0.00","0","0","0","1"
"89","VARIOS-45","","SERVILLETA","10","43","25","6","1","2","0","0","0","","60.00","60.00","1","1","","3","0.00","0","0","0","1"
"90","VARIOS-46","","PAPEL HIGIENICO","10","44","25","6","1","2","0","0","0","","17.50","17.50","1","1","","3","0.00","0","0","0","1"
"91","VARIOS-47","","BOMBRIL","14","2","21","4","1","2","0","0","0","","7.00","7.00","1","1","","3","0.00","0","0","0","1"
"92","VARIOS-48","","LAVANDINA","14","33","22","5","1","2","0","0","0","","7.92","7.92","1","1","","3","0.00","0","0","0","1"
"93","VARIOS-49","","MULTIUSO","14","32","21","5","1","2","0","0","0","","47.50","47.50","1","1","","3","0.00","0","0","0","1"
"94","VARIOS-50","","LIMPIA VIDRIOS","14","30","22","5","1","2","0","0","0","","28.00","28.00","1","1","","3","0.00","0","0","0","1"
"95","VARIOS-51","","JABON DE MANO","14","29","22","5","1","2","0","0","0","","45.00","45.00","1","1","","3","0.00","0","0","0","1"
"96","VARIOS-52","","DESENGRASANTE","14","26","21","5","1","2","0","0","0","","42.50","42.50","1","1","","3","0.00","0","0","0","1"
"97","VARIOS-53","","LIMPIA PISO","14","27","21","5","1","2","0","0","0","","35.00","35.00","1","1","","3","0.00","0","0","0","1"
"98","VARIOS-54","","LAVA VAJILLA","14","2","21","5","1","2","0","0","0","","1.00","1.00","1","1","","3","0.00","0","0","0","1"
"99","VARIOS-55","","MATERIAL DE ESCRITORIO","18","50","29","4","1","2","0","0","0","","2.50","2.50","0","1","","3","0.00","0","0","0","1"
"100","VARIOS-56","","ADELANTOS Y/O A  CUENTA DEL SUELDO","19","51","1","4","1","2","0","0","0","","1.00","1.00","0","1","","3","0.00","0","0","0","1"
"101","456","456","POLLO ECONOMICO","1","7","1","1","1","1","0","0","0","","10.00","15.00","0","1","","2","10000.00","0","0","0","0"
"102","002","","CHICKEN 1/4 - BROASTER (V)","1","7","1","1","1","2","0","0","0","","15.00","20.00","1","1","","2","10000.00","0","0","0","0"
"103","721","721","ECONOMICO","1","2","1","1","1","1","0","0","0","","15.00","10.00","0","1","","2","1.00","0","0","0","0"
"104","710","","CUARTO","1","2","1","1","1","1","0","0","0","","20.00","1.00","0","1","","2","1.00","0","0","0","0"
"105","004","","CHICKEN 1/8 - BROASTER (V)","1","7","1","1","1","2","0","0","0","","15.00","15.00","1","1","","2","10000.00","0","0","0","0"
"106","VARIOS-60","","POLLO CUARTO","1","7","3","1","1","1","0","0","0","","0.00","0.00","0","1","","2","0.00","0","0","0","1"
"107","VARIOS-61","","AMBIENTADOR","20","52","31","4","1","2","0","0","0","","15.00","15.00","1","1","","3","0.00","0","0","0","1"
"108","VARIOS-62","","SODAS","10","45","26","4","1","2","0","0","0","","38.46","38.46","1","1","","3","0.00","0","0","0","1"
"109","VARIOS-63","","GUANTES","10","53","32","4","1","1","0","0","0","","0.36","0.36","1","1","","3","1.00","0","0","0","1"
"110","VARIOS-64","","SAL","9","54","33","4","1","2","0","0","0","","5.00","5.00","1","1","","3","1.00","0","0","0","1"
"111","VARIOS-65","","LOCOTO","21","39","23","4","1","2","0","0","0","","13.33","13.33","1","1","","3","1.00","0","0","0","1"
"112","VARIOS-66","","REMOLACHA","15","49","23","4","1","2","0","0","0","","5.00","5.00","1","1","","3","0.00","0","0","0","1"
"113","VARIOS-67","","HIGADO","3","3","3","3","1","2","0","0","0","","20.00","20.00","1","1","","3","0.00","0","0","0","1"
"114","VARIOS-68","","FREJOL","15","2","23","3","1","2","0","0","0","","3.00","3.00","1","1","","3","0.00","0","0","0","1"
"115","VARIOS-69","","ketchup","11","23","18","4","1","2","0","0","0","","46.00","46.00","1","1","","3","0.00","0","0","0","1"
"116","VARIOS-70","","MOSTAZA","11","23","18","4","1","2","0","0","0","","30.72","30.72","1","1","","3","1.00","0","0","0","1"
"117","VARIOS-58","","LIMON","22","55","34","4","1","2","0","0","0","","0.20","0.20","1","1","","3","1.00","0","0","0","1"
"118","VARIOS-59","","ESPONJA","23","56","35","4","1","2","0","0","0","","8.00","8.00","1","1","","3","1.00","0","0","0","1"
"119","VARIOS-57","","PINZA","24","57","36","4","1","2","0","0","0","","9.00","9.00","1","1","","3","1.00","0","0","0","1"
"120","VARIOS-71","","ace patito","14","58","37","4","1","2","0","0","0","","100.00","100.00","1","1","","3","1.00","0","0","0","1"
"121","27","","JUGO DE DURASNO EN JARRA (SNACK)","2","45","27","4","1","2","0","0","0","","18.00","2.17","1","1","","2","1.00","0","0","0","0"
"122","COCACOLA-7","","COCA COLA PERSONAL 500 ML (V)","2","46","26","6","2","2","0","0","0","","7.00","7.00","1","1","","2","1.00","0","0","0","1"
"123","123","123","POLLO","1","2","1","3","1","1","0","0","0","","50.00","42.00","1","1","","3","10000.00","0","0","0","0"
"124","VARIOS-74","","pollo chico","3","7","3","3","1","1","0","0","0","","14.00","14.00","1","1","","3","1.00","0","0","0","1"
"125","VARIOS-75","","ala de 1RA","3","7","3","3","1","1","0","0","0","","1.00","1.00","1","1","","3","1.00","0","0","0","1"
"126","VARIOS-76","","gelatina","26","2","1","4","1","2","0","0","0","","4.00","4.00","1","1","","3","1.00","0","0","0","1"
"127","VARIOS-77","","salsa barbacoa","11","59","38","4","1","1","0","0","0","","13.50","13.50","1","1","","3","1.00","0","0","0","1"
"128","VARIOS-78","","baigon","27","60","39","4","1","1","0","0","0","","15.00","15.00","1","1","","3","1.00","0","0","0","1"
"129","VARIOS-79","","apio","28","61","23","4","1","1","0","0","0","","10.00","10.00","1","1","","3","1.00","0","0","0","1"
"130","VARIOS-80","","bolsitas de sal rosada","29","18","40","4","1","1","0","0","0","","5.00","5.00","1","1","","3","1.00","0","0","0","1"
"131","VARIOS-81","","cebolla","30","41","41","4","1","1","0","0","0","","25.00","25.00","1","1","","3","1.00","0","0","0","1"
"132","VARIOS-82","","MORTADELA TIPO ITA","31","10","6","4","1","2","0","0","0","","120.00","120.00","1","1","","3","1.00","0","0","0","1"
"133","VARIOS-83","","PANCETA AHUMADA","32","11","6","4","1","2","0","0","0","","99.00","99.00","1","1","","3","1.00","0","0","0","1"
"134","VARIOS-84","","vinagre","33","62","42","4","1","2","0","0","0","","110.00","110.00","1","1","","3","1.00","0","0","0","1"
"135","VARIOS-85","","JAMON","34","10","6","3","1","1","0","0","0","","38.00","38.00","1","1","","3","1.00","0","0","0","1"
"136","VARIOS-86","","OREGANO","35","63","43","3","1","2","0","0","0","","32.00","32.00","1","1","","3","1.00","0","0","0","1"
"137","VARIOS-87","","ACEITE OLIVA VIRGEN","36","64","44","4","1","2","0","0","0","","30.00","30.00","1","1","","3","1.00","0","0","0","1"
"138","VARIOS-88","","QUESO SANDWICHERO","37","65","45","3","1","2","0","0","0","","62.42","62.42","1","1","","3","1.00","0","0","0","1"
"139","VARIOS-89","","MAICENA","38","66","46","4","1","2","0","0","0","","5.00","5.00","1","1","","3","1.00","0","0","0","1"
"140","VARIOS-90","","TOMATE","39","36","23","4","1","2","0","0","0","","1.00","1.00","1","1","","3","1.00","0","0","0","1"
"141","VARIOS-91","","COMINO","6","63","9","3","1","2","0","0","0","","40.00","40.00","1","1","","3","1.00","0","0","0","1"
"142","VARIOS-92","","AZUCAR","40","2","47","3","1","2","0","0","0","","225.00","225.00","1","1","","3","1.00","0","0","0","1"
"143","VARIOS-93","","platos burguer","10","2","16","4","1","1","0","0","0","","0.40","0.40","1","1","","3","1.00","0","0","0","1"
"144","VARIOS-94","","platos de pollo","10","2","16","4","1","1","0","0","0","","18.00","0.46","1","1","","3","1.00","0","0","0","1"
"145","VARIOS-95","","bolsitas para cubierto","10","2","16","4","1","1","0","0","0","","0.01","0.01","1","1","","3","1.00","0","0","0","1"
"146","VARIOS-96","","QUESO SANDWICHERO","37","65","45","3","1","1","0","0","0","","1.00","1.00","1","1","","3","1.00","0","0","0","1"
"147","VARIOS-97","","ALMENDRAS CHOCOLATE","11","14","10","3","1","1","0","0","0","","4.74","4.74","1","1","","3","1.00","0","0","0","1"
"148","VARIOS-98","","PAN BAGUETTE","4","9","5","4","1","1","0","0","0","","3.60","3.60","1","1","","3","1.00","0","0","0","1"
"149","VARIOS-99","","PAN NEGRO","4","9","5","4","1","1","0","0","0","","2.50","2.50","1","1","","3","1.00","0","0","0","1"
"150","VARIOS-100","","soya","36","22","44","5","1","1","0","0","0","","8.75","8.75","1","1","","3","1.00","0","0","0","1"
"151","VARIOS-101","","PAN MOLIDO","4","8","4","4","1","1","0","0","0","","75.00","75.00","1","1","","3","1.00","0","0","0","1"
"152","152","","JUGOS CON LECHE DE FRUTILLA (SNACK)","41","58","37","1","1","2","0","0","0","","7.00","7.00","1","1","DESAYUNO","2","10.00","0","0","0","0"
"153","153","","JUGOS CON LECHE DE GUINEO (SNACK)","41","67","48","4","1","1","0","0","0","","7.00","7.00","1","1","DESAYUNO","2","10.00","0","0","0","0"
"154","154","","JUGOS CON LECHE DE DURASNO (SNACK)","41","67","48","4","1","1","0","0","0","","7.00","7.00","1","1","DESAYUNO","2","0.00","0","0","0","0"
"155","155","","SALTEÑAS (SNACK)","41","67","48","4","1","1","0","0","0","","3.50","1.00","1","1","DESAYUNO","2","7.00","0","0","0","0"
"156","156","","JUGOS CON LECHE DE PAPAYA (SNACK)","41","67","48","4","1","1","0","0","0","","7.00","7.00","1","1","DESAYUNO","2","10.00","0","0","0","0"
"157","157","","CAFE (SNACK)","41","67","48","4","1","1","0","0","0","","1.00","1.00","1","1","DESAYUNO","2","10.00","0","0","0","0"
"158","001","","CHICKEN 1/4 - BRASA (V)","1","7","1","1","1","2","0","0","0","","15.00","20.00","1","1","","2","10000.00","0","0","0","0"
"159","003","","CHICKEN 1/8 - BRASA (V)","1","7","1","1","1","2","0","0","0","","10.00","15.00","1","1","","2","10000.00","0","0","0","0"
"160","160","","HELADO SIMPLE - SN","42","68","49","5","1","1","0","0","0","","10.00","10.00","1","1","","2","10.00","0","0","0","0"
"161","161","","HELADO DOBLE - SN","42","68","49","5","1","1","0","0","0","","10.00","10.00","1","1","","2","10.00","0","0","0","0"
"162","162","","HELADO EN COPA TRIPLE - SN","42","68","49","5","1","1","0","0","0","","10.00","10.00","1","1","","2","10.00","0","0","0","0"
"163","163","","H. YOGURT 1 LT.","42","68","49","5","1","1","0","0","0","","10.00","10.00","1","1","","2","10.00","0","0","0","0"
"164","164","","H.YOGURT 1/2 LT.","42","68","49","5","1","1","0","0","0","","10.00","10.00","1","1","","2","10.00","0","0","0","0"
"165","165","","H. CABRERA 1 LT.","42","68","49","5","1","1","0","0","0","","10.00","10.00","1","1","","2","10.00","0","0","0","0"
"166","166","","H. CABRERA 1/2 LT.","42","68","49","5","1","1","0","0","0","","10.00","10.00","1","1","","2","10.00","0","0","0","0"
"167","167","","NN","42","68","49","5","1","1","0","0","0","","10.00","10.00","1","1","","2","10.00","0","0","0","0"
"168","168","","H. ALFAJOR","42","68","49","5","1","1","0","0","0","","10.00","10.00","1","1","","2","10.00","0","0","0","0"
"169","169","","H. SANDWICH","42","68","49","5","1","1","0","0","0","","10.00","10.00","1","1","","2","10.00","0","0","0","0"
"170","170","","H. SUNDAE","42","68","49","5","1","1","0","0","0","","10.00","10.00","1","1","","2","10.00","0","0","0","0"
"171","171","","H. SALTIMBANQUI - SN","42","68","49","5","1","1","0","0","0","","10.00","10.00","1","1","","2","10.00","0","0","0","0"
"172","172","","H.DUETO","42","68","49","5","1","1","0","0","0","","10.00","10.00","1","1","","2","10.00","0","0","0","0"
"173","SPRITE-5","","SPRITE PERSONAL  500 ML","2","46","26","1","4","2","0","0","0","","3.50","0.00","1","1","","2","0.00","0","0","0","1"
"174","SIMBA-1","","SIMBA PIÑA 2 LITROS","2","2","1","1","5","1","0","0","0","","7.58","7.58","1","1","","2","0.00","0","0","0","1"
"175","SIMBA-3","","SIMBA MANZANA 2 LTRS","2","45","26","1","5","1","0","0","0","","7.58","7.58","1","1","","2","0.00","0","0","0","1"
"176","SIMBA-4","","SIMBA DURAZNO 2 LTRS","2","45","26","1","5","1","0","0","0","","7.58","7.58","1","1","","2","0.00","0","0","0","1"
"177","SPRITE-1","","SPRITE 600 ML POPULAR","2","47","26","1","4","1","0","0","0","","0.00","0.00","0","1","","2","0.00","0","0","0","1"
"178","HELADOSCABRERA-1","","HELADOS ACEROLA + NARANJA","42","68","52","1","9","2","0","0","0","","0.00","0.00","1","1","","2","0.00","0","0","0","1"
"179","HELADOSCABRERA-2","","HELADOS SAL TIMBANQUI","42","68","52","1","9","2","0","0","0","","0.00","0.00","1","1","","2","0.00","0","0","0","1"
"180","HELADOSCABRERA-3","","HELADO SUNDAE","42","68","52","1","9","2","0","0","0","","5.50","5.50","1","1","","2","0.00","0","0","0","1"
"181","HELADOSCABRERA-4","","HELADO SANDWICH","42","68","52","1","9","2","0","0","0","","4.00","4.00","1","1","","2","0.00","0","0","0","1"
"182","135","","BAÑO (USO DE BAÑO)","43","2","22","1","1","2","0","0","0","","2.00","5.50","1","1","","2","0.00","0","0","0","0"
"183","HELADOSCABRERA-6","","HELADO MILENIUM CLASICO","42","68","52","1","9","2","0","0","0","","5.50","5.50","1","1","","2","0.00","0","0","0","1"
"184","HELADOSCABRERA-7","","HELADO MILENIUM BLANCO","42","68","52","1","9","2","0","0","0","","5.50","5.50","1","1","","2","0.00","0","0","0","1"
"185","HELADOSCABRERA-8","","HELADO MILENIUM SN","42","68","52","1","9","2","0","0","0","","5.50","5.50","1","1","","2","0.00","0","0","0","1"
"186","HELADOSCABRERA-9","","HELADO MILENIUM YOG. ROJOS","42","68","52","1","9","2","0","0","0","","5.50","5.50","1","1","","2","0.00","0","0","0","1"
"187","HELADOSCABRERA-10","","HELADO DUETO CARAMEL","42","68","52","1","9","2","0","0","0","","5.50","5.50","1","1","","2","0.00","0","0","0","1"
"188","HELADOSCABRERA-11","","HELADO DUETO CHOCOLATE","42","68","52","1","9","2","0","0","0","","5.50","5.50","1","1","","2","0.00","0","0","0","1"
"189","HELADOSCABRERA-12","","HELADO YOG. NATURAL 1/2 LT.","42","68","51","1","9","2","0","0","0","","12.00","12.00","1","1","","2","0.00","0","0","0","1"
"190","HELADOSCABRERA-13","","HELADO YOG. GOLDEN BERRIES 1/2 LT","42","68","51","1","9","2","0","0","0","","12.00","12.00","1","1","","2","0.00","0","0","0","1"
"191","HELADOSCABRERA-14","","HELADO YOG. FRUTOS ROJOS 1/2 LT","42","68","51","1","9","2","0","0","0","","12.00","12.00","1","1","","2","0.00","0","0","0","1"
"192","HELADOSCABRERA-15","","BROWNIE CON HELADO","42","68","49","1","9","2","0","0","0","","2.00","22.00","1","1","","2","0.00","0","0","0","1"
"193","HELADOSCABRERA-16","","HELADO YOG. GOLDEN BERRIES 1 LT","42","68","51","1","9","2","0","0","0","","22.00","22.00","1","1","","2","0.00","0","0","0","1"
"194","VARIOS-114","","EMPANADAS JAMON Y QUESO","41","68","51","1","1","2","0","0","0","","22.00","22.00","1","1","","2","0.00","0","0","0","1"
"195","VARIOS-105","","PAY DE LIMON (SNACK)","41","67","48","1","1","2","0","0","0","","13.00","13.00","1","1","ANTES HELADOS","2","0.00","0","0","0","1"
"196","VARIOS-104","","SUBMARINO","41","67","48","1","1","2","0","0","0","","13.00","13.00","1","1","ANTES HELADO","2","0.00","0","0","0","1"
"197","HELADOSCABRERA-20","","SALSA EXTRA","42","68","51","1","9","2","0","0","0","","1.00","12.50","1","1","","2","0.00","0","0","0","1"
"198","HELADOSCABRERA-21","","ECONOMICO BROASTER","42","68","51","1","9","2","0","0","0","","1.00","12.50","1","1","","2","0.00","0","0","0","1"
"199","077","","BURGER - CHILI (V)","1","3","1","1","1","2","0","0","0","","12.50","12.50","1","1","","2","0.00","0","0","0","0"
"200","VARIOS-110","","EMPANADA DE CHARQUE (SNACK)","41","68","51","1","1","2","0","0","0","","12.50","12.50","1","1","","2","0.00","0","0","0","1"
"201","HELADOSCABRERA-24","","HELADO GRANIZADO 1 LT","42","68","51","1","9","2","0","0","0","","12.50","12.50","1","1","","2","0.00","0","0","0","1"
"202","HELADOSCABRERA-25","","MOCOCHINCHI EN JARRA SN","42","68","51","1","9","2","0","0","0","","1.00","0.00","1","1","","2","0.00","0","0","0","1"
"203","VARIOS-102","","ESPRESSO CAFE  SN","41","67","48","1","1","2","0","0","0","","12.50","12.50","1","1","ANTES HELADO DE COCO","2","0.00","0","0","0","1"
"204","204","","JUGUETE","42","68","51","1","9","2","0","0","0","","9.00","12.50","1","1","","2","0.00","0","0","0","0"
"205","VARIOS-103","","CAPPUCCINO - SN","41","67","48","1","1","1","0","0","0","","12.50","12.50","1","1","ANTES HELADO CON NUEZ","2","0.00","0","0","0","1"
"206","HELADOSCABRERA-29","","COPA OREO - SN","42","68","51","1","9","2","0","0","0","","12.50","12.50","1","1","","2","0.00","0","0","0","1"
"207","HELADOSCABRERA-30","","HELADO MENTA CHIPS","42","68","51","1","9","2","0","0","0","","12.50","12.50","1","1","","2","0.00","0","0","0","1"
"208","VARIOS-108","","HELADO 11111","1","68","51","1","1","2","0","0","0","","3.50","12.50","1","1","","2","0.00","0","0","0","1"
"209","VARIOS-109","","HELADO 2222","42","68","51","1","1","2","0","0","0","","12.50","12.50","1","1","","2","0.00","0","0","0","1"
"210","HELADOSCABRERA-33","","HELADO FRUTILLA 1/2 LT","42","68","51","1","9","2","0","0","0","","6.50","6.50","1","1","","2","0.00","0","0","0","1"
"211","VARIOS-111","","CAPPUCCINO VAINILLA - SN","42","68","51","1","1","2","0","0","0","","6.50","6.50","1","1","","2","0.00","0","0","0","1"
"212","HELADOSCABRERA-35","","HELADO CHOCOLATE 1/2 LT","42","68","51","1","9","2","0","0","0","","6.50","6.50","1","1","","2","0.00","0","0","0","1"
"213","HELADOSCABRERA-36","","HELADO DULCE DE LECHE 1/2 LT","42","68","51","1","9","2","0","0","0","","6.50","6.50","1","1","","2","0.00","0","0","0","1"
"214","HELADOSCABRERA-37","","HELADO GRANIZADO 1/2 LT - SN","42","68","51","1","9","2","0","0","0","","6.50","6.50","1","1","","2","0.00","0","0","0","1"
"215","HELADOSCABRERA-38","","HELADO CAFE 1/2 LT","42","68","51","1","9","2","0","0","0","","6.50","6.50","1","1","","2","0.00","0","0","0","1"
"216","VARIOS-107","","BUDIN DE LECHE (SNACK)","41","67","48","1","1","2","0","0","0","","6.50","6.50","1","1","ANTES HELAO DE LITRO","2","0.00","0","0","0","1"
"217","VARIOS-112","","MOKACCINO - SN","42","68","51","1","1","2","0","0","0","","6.50","6.50","1","1","","2","0.00","0","0","0","1"
"218","HELADOSCABRERA-41","","HELADO VAINILLA CON MANJAR 1/2 LT","42","68","51","1","9","2","0","0","0","","6.50","6.50","1","1","","2","0.00","0","0","0","1"
"219","HELADOSCABRERA-42","","MOCOCHINCHI EN VASO SN","42","68","51","1","9","2","0","0","0","","1.00","6.50","1","1","","2","0.00","0","0","0","1"
"220","HELADOSCABRERA-43","","HELADO PIÑA CREMA 1/2 LT","42","68","51","1","9","2","0","0","0","","6.50","6.50","1","1","","2","0.00","0","0","0","1"
"221","HELADOSCABRERA-44","","HELADO RON CON PASAS 1/2 LT","42","68","51","1","9","2","0","0","0","","6.50","6.50","1","1","","2","0.00","0","0","0","1"
"222","HELADOSCABRERA-45","","HELADO CHOCOLATE NUEZ 1/2 LT","42","68","51","1","9","2","0","0","0","","6.50","6.50","1","1","","2","0.00","0","0","0","1"
"223","HELADOSCABRERA-46","","HELADO MENTA CHIPS 1/2 LT","42","68","51","1","9","2","0","0","0","","6.50","6.50","1","1","","2","0.00","0","0","0","1"
"224","HELADOSCABRERA-47","","HELADO DOBLE 2 X 20 - SN","42","68","53","6","9","2","0","0","0","","7.00","0.00","1","1","","2","0.00","0","0","0","1"
"225","VARIOS-113","","CUÑAPE SN","41","68","51","1","1","2","0","0","0","","2.50","12.50","1","1","","2","0.00","0","0","0","1"
"226","012","177","MILANESA - PICADA (V)","1","4","1","1","1","2","0","0","0","","15.00","11.00","1","1","","2","10000.00","0","0","0","0"
"227","227","","EMPANADA DE QUESO (SNACK)","41","2","1","1","1","2","0","0","0","","3.00","0.00","1","1","","2","0.00","0","0","0","0"
"228","228","","COMBO COLEGA","1","7","1","1","1","2","0","0","0","","10.00","18.00","1","1","antes magnifica, mister combo ,","2","10000.00","0","0","0","0"
"229","SUELDOS-1","","SUELDOS Y SALARIOS","43","73","54","1","1","1","0","0","0","","0.00","0.00","1","1","","1","0.00","0","0","0","0"
"230","HELADOSCABRERA-49","","HELADO SALTIMBANQUI","42","68","52","1","9","2","0","0","0","","5.50","5.50","1","1","","2","0.00","0","0","0","1"
"231","FANTA-9","","FANTA GUARANA 2 LITROS","2","45","26","1","3","2","0","0","0","","8.71","8.71","1","1","","2","0.00","0","0","0","1"
"232","FANTA-10","","FANTA GUARANA POPULAR 600 ML.","2","47","26","1","3","2","0","0","0","","2.50","2.50","1","1","","2","0.00","0","0","0","1"
"233","020","","SILLPANCHO (AL)","1","5","1","1","1","2","0","0","0","","12.00","0.00","1","1","","2","0.00","0","0","0","0"
"234","VARIOS-106","","CERVEZA  (PERSONAL)","2","2","26","1","1","2","0","0","0","","6.00","6.00","1","1","","2","0.00","0","0","0","1"
"235","022","","LIMONADA EN VASO - SN","2","46","1","1","1","2","0","0","0","","1.10","1.10","1","1","","2","100.00","0","0","0","0"
"236","236","","COMBO SAN VALENTIN","1","3","2","1","1","1","0","0","0","","3.50","0.00","1","1","antes jugo ades","2","0.00","0","0","0","0"
"237","237","","POLLO LA MAGNIFICA","1","2","1","1","1","1","0","0","0","","15.00","18.00","0","1","","2","10000.00","0","0","0","0"
"238","238","238","PORCION DE TALLARIN (V)","1","2","1","1","1","1","0","0","0","","2.00","3.00","1","1","","2","10000.00","0","0","0","0"
"239","239","239","PORCION DE ENSALADA (V)","1","2","1","1","1","1","0","0","0","","3.50","3.50","1","1","","2","10000.00","0","0","0","0"
"240","007","","PECHUGA A LA PLANCHA (V)","1","7","1","1","1","2","0","0","0","","21.00","21.00","1","1","","2","10000.00","0","0","0","0"
"241","016","","SUPER CAJITA - CHICKEN","1","3","1","1","1","2","0","0","0","","28.00","7.00","1","1","","2","10000.00","0","0","0","0"
"242","242","","SUPER COMBO FAMILIAR (AL)","1","2","1","1","1","1","0","0","0","","10.00","10.00","1","1","","2","10.00","0","0","0","0"
"243","010","243","WINGS - CROCANT  (V)","1","6","1","6","1","2","0","0","0","","5.00","42.00","1","1","","2","100000.00","0","0","0","0"
"244","244","244","DELIVERY - B","43","2","1","1","1","2","0","0","0","","5.00","2.00","1","1","","2","1.00","0","0","0","0"
"245","245","","PRESA EXTRA (AL)","1","2","1","2","1","1","0","0","0","","10.00","10.00","1","1","","2","10000.00","0","0","0","0"
"246","246","246","XXXXXXX","2","2","1","5","1","1","0","0","0","","5.00","5.00","1","1","","3","1000.00","0","0","0","0"
"247","35","","PAQUETE CUMPLEAÑOS  I","43","2","55","5","1","2","0","0","0","","1000.00","1000.00","1","1","","2","1000.00","0","0","0","0"
"248","248","","JUGO DE FRUTILLA CON AGUA (SNACK)","2","45","27","1","1","1","0","0","0","NNN N","5.00","5.00","1","1","JUGO DE FRUTILLA CON AGUA","2","10.00","0","0","0","0"
"249","249","","JUGO DE PAPAYA CON AGUA (SNACK)","2","2","27","1","1","1","0","0","0","NNN","5.00","5.00","1","1","","2","10.00","0","0","0","0"
"250","250","","JUGO DE DURASNO CON AGUA (SNACK)","2","2","27","1","1","1","0","0","0","NNN","5.00","5.00","1","1","","2","10.00","0","0","0","0"
"251","COCACOLA-5","","COCA COLA BOMBON 300 ML","2","47","26","1","2","1","0","0","0","","3.00","3.00","1","1","","2","3.00","0","0","0","1"
"252","005","","COMBO AHORRO","1","7","1","1","1","2","0","0","0","","10.00","10.00","1","1","pollo entero","2","1000.00","0","0","0","0"
"253","COCACOLA-8","","JUGO ADES","2","46","27","4","2","2","0","0","0","","8.00","13.00","1","1","","2","1000.00","0","0","0","1"
"254","28","","JUGO DE FRUTILLA EN JARRA (SNACK)","2","45","27","5","1","2","0","0","0","","18.00","18.00","1","1","","2","1000.00","0","0","0","0"
"255","255","","BURGER KIDS","1","3","1","1","1","2","0","0","0","1","1.00","1.00","1","1","","2","100.00","0","0","0","0"
"256","256","","CHICKEN  KIDS ARROZ","1","7","3","1","1","2","0","0","0","1","1.00","1.00","1","1","","2","100.00","0","0","0","0"
"257","257","","CHICKEN KIDS PAPA","1","7","3","1","1","1","0","0","0","1","1.00","1.00","1","1","","2","100.00","0","0","0","0"
"258","258","","MILANESA JAMONADA","1","4","2","1","1","2","0","0","0","1","1.00","1.00","1","1","","2","100.00","0","0","0","0"
